20231001,3740,books
20230113,7530,game
20230305,16310,music
20230128,12560,sports
20231010,1580,sports
20230606,31730,movie
20230930,49060,medical
20230418,7620,fishing
20230720,29390,fashion
20231103,27510,fishing
20231121,30030,fishing
20230621,9860,medical
20231102,46710,travel
20230507,28830,travel
20230825,3770,books
20231128,6080,fishing
20230809,45760,medical
20230808,20310,game
20231116,34580,fashion
20230213,49070,cook
20231016,33950,cook
20230820,26230,game
20230416,30290,music
20230425,12530,medical
20231009,37110,fashion
20230628,8370,movie
20230327,22870,movie
20230227,46850,books
20230509,29630,movie
20230406,10840,books
20230531,28610,movie
20230422,39990,books
20230722,3050,cook
20230717,16030,cook
20231117,41950,cook
20230817,25030,movie
20230816,41790,movie
20230706,16780,medical
20230209,1140,movie
20230909,45590,fashion
20231010,38920,cook
20230812,43590,medical
20230918,44340,movie
20230807,19890,medical
20230614,13960,books
20231020,14080,music
20230828,46950,cook
20231115,35540,sports
20231004,9740,cook
20230323,37870,books
20230810,10330,medical
20230720,46360,movie
20230215,17270,fishing
20231201,20590,fashion
20230726,28060,travel
20230721,17500,sports
20231006,20590,fishing
20230915,34450,books
20230208,18030,sports
20230618,40150,medical
20230313,16470,travel
20230507,16400,cook
20231204,9270,fashion
20230414,38810,fashion
20231102,44830,fashion
20231008,6410,game
20230408,49470,game
20230223,13570,fashion
20231010,2700,sports
20230810,41620,fishing
20230703,37180,medical
20230706,26120,cook
20230725,3700,movie
20230118,15890,fashion
20230911,11130,medical
20230903,45080,fashion
20230827,34910,cook
20231210,39530,music
20230910,24160,sports
20230402,39800,books
20230630,9220,game
20230118,30050,medical
20230930,18390,books
20230905,36380,books
20230221,20740,medical
20231118,16250,fashion
20230526,8130,travel
20230928,20970,books
20231018,40900,travel
20230217,46610,sports
20230829,29320,medical
20230804,20480,music
20230623,14540,movie
20230703,37330,fishing
20230104,1230,fishing
20230516,17940,game
20230923,34850,fashion
20230929,22590,sports
20230902,37160,cook
20230128,44940,fashion
20230209,9360,fishing
20230801,16750,music
20231006,46850,movie
20230826,3070,music
20231028,25740,game
20231025,3280,books
20230111,32250,cook
20231205,27110,fishing
20230425,39070,movie
20230806,26970,fishing
20230501,48660,medical
20230415,7050,sports
20230319,3250,travel
20230317,4090,movie
20230930,16540,cook
20231006,5840,medical
20230902,22430,sports
20231210,32730,sports
20230406,28910,medical
20230301,21540,medical
20230227,3080,cook
20230704,12830,sports
20230111,35700,game
20230603,37760,music
20231207,18910,fashion
20230129,1250,fishing
20230528,6790,books
20231207,25160,cook
20231203,46430,medical
20230111,46760,sports
20230419,23100,sports
20230202,12600,sports
20230321,40000,travel
20230117,8940,movie
20230702,46460,movie
20231126,37890,game
20230824,7670,medical
20230428,2770,fashion
20231011,15290,cook
20230129,21500,fashion
20230628,27720,books
20230818,41430,game
20230619,24690,sports
20230106,38470,fishing
20230613,4030,cook
20230818,49130,books
20230924,43590,sports
20231207,15920,fishing
20230526,44710,fashion
20231121,32810,medical
20230925,35800,books
20230518,34820,sports
20231030,16610,movie
20230724,45350,sports
20230610,21200,music
20230205,3030,medical
20230820,8250,movie
20230108,38850,fishing
20230818,44040,fashion
20231209,9820,books
20230626,21160,fishing
20230701,39210,travel
20230505,29580,game
20230301,15650,books
20230106,3810,cook
20231122,13540,travel
20231005,16750,movie
20231123,27370,game
20230605,1990,game
20230430,11250,travel
20230713,38890,travel
20230521,5580,sports
20230203,28670,movie
20231007,36980,cook
20230625,6670,books
20230821,48810,music
20230920,24430,fashion
20230521,39600,travel
20231121,26860,game
20230412,17590,game
20230518,43010,game
20230316,38820,sports
20230224,40480,cook
20230427,19090,medical
20231114,8820,books
20230611,23540,books
20231027,24090,movie
20230613,13930,fashion
20230129,43470,movie
20230616,31800,cook
20231117,10700,travel
20230817,43430,books
20230716,44920,fashion
20230827,13910,books
20230412,39410,music
20231127,13740,fashion
20231018,39900,music
20230712,3270,travel
20230610,30590,travel
20231209,16710,sports
20230317,26790,travel
20230206,25130,books
20230723,18100,fishing
20230128,11320,cook
20230818,3980,cook
20231117,10100,books
20230614,42950,cook
20230923,48890,fishing
20230413,13690,movie
20231015,4130,books
20230322,31460,books
20231107,45760,music
20230703,36280,game
20230601,20510,music
20230915,28910,fishing
20230429,20730,fashion
20231129,36560,medical
20231015,23370,medical
20231101,37820,music
20230512,10060,cook
20230608,44500,movie
20230409,33000,medical
20230601,41270,music
20230904,25950,game
20231014,16260,music
20231004,44690,travel
20231120,29170,movie
20230112,4670,cook
20230918,44940,movie
20230602,19850,sports
20231014,23850,music
20230103,42120,music
20230604,8130,books
20230116,37660,books
20231113,17940,books
20231123,33130,music
20230301,43060,travel
20230110,44780,travel
20230421,22390,fishing
20230106,40560,game
20230310,17520,game
20231014,16450,game
20231019,36060,medical
20230115,37070,books
20231020,42560,medical
20230305,35770,sports
20230717,33350,travel
20230218,22990,books
20230721,16890,movie
20230511,33730,fishing
20231011,27260,music
20230712,11730,medical
20230314,25710,movie
20231011,22270,movie
20230924,6940,fishing
20230105,14900,movie
20230531,32540,fishing
20230520,44300,books
20230326,14900,sports
20230106,12120,fishing
20231116,4280,fashion
20230312,12420,music
20231109,34390,medical
20230408,16760,medical
20231112,34130,movie
20230228,9250,medical
20230725,5800,movie
20231110,7740,fashion
20230412,23090,movie
20230426,14580,movie
20231011,5800,sports
20230808,11640,cook
20231105,45710,medical
20230529,43730,cook
20230319,10410,sports
20230720,27480,music
20230504,21940,music
20230420,21220,music
20231119,43710,fashion
20230621,37800,medical
20230704,49030,fashion
20230102,3390,books
20230617,26170,cook
20230509,4080,fishing
20231209,46130,movie
20231105,19370,movie
20230201,18990,fashion
20230914,42810,music
20230626,4460,fashion
20230904,1150,sports
20230629,25150,cook
20230511,31140,fashion
20230218,22220,fishing
20230808,5300,movie
20230412,49570,fishing
20230108,29550,cook
20230630,46630,fishing
20230601,27100,travel
20230521,30370,sports
20230106,6860,movie
20230108,19910,books
20230914,46210,fashion
20230319,25480,cook
20230214,3140,travel
20231111,5030,travel
20230413,17550,movie
20231115,12380,fashion
20230402,39940,fishing
20230905,39850,cook
20230103,42410,movie
20230528,49560,fishing
20230901,20250,fashion
20231116,33430,sports
20230314,8690,fashion
20230225,19280,medical
20230603,45440,medical
20230511,36560,game
20230601,46080,game
20231204,6830,medical
20231123,25800,movie
20230413,22660,medical
20230916,9620,fishing
20230325,29220,medical
20230119,26510,cook
20230109,32430,cook
20231024,11400,fishing
20230207,5530,cook
20230708,14980,fashion
20231125,24050,music
20231001,25120,movie
20230219,1450,cook
20231006,21320,movie
20230220,14720,music
20230307,26830,game
20230622,49450,cook
20230330,18730,fashion
20230927,49050,sports
20230515,28860,music
20230519,43400,books
20230618,9390,travel
20230421,1320,books
20230816,32730,fashion
20230310,38900,books
20230625,31900,movie
20231105,9280,game
20231123,48990,cook
20230201,41650,medical
20231120,25110,music
20230515,21420,travel
20230409,42500,travel
20230410,38460,books
20230328,31560,fashion
20230729,23760,game
20230910,49520,medical
20230615,47280,fishing
20231120,19370,travel
20230423,12060,travel
20230508,2210,sports
20230705,36620,game
20230320,44270,medical
20230209,37050,cook
20231029,14440,travel
20231024,40430,medical
20230515,48120,cook
20230326,21190,cook
20230709,47020,books
20230805,23040,cook
20230109,13070,fishing
20230620,21760,sports
20230204,5750,fishing
20231203,17350,movie
20230825,31490,cook
20231210,38330,cook
20231008,46860,cook
20230430,7030,fishing
20231028,1700,books
20230117,13480,medical
20230511,41010,music
20230321,42130,game
20231112,25940,fishing
20231123,41890,cook
20230619,15140,game
20230531,4160,fishing
20230516,42510,medical
20231007,12840,fashion
20230414,4450,books
20230703,12460,sports
20230119,39120,cook
20230215,36350,sports
20230511,46050,sports
20230830,13580,game
20231105,18700,music
20230404,43750,books
20230217,15620,travel
20230110,45400,movie
20230306,31480,game
20230923,48090,fashion
20230518,2560,medical
20230311,34080,movie
20230519,17380,fashion
20230815,7910,game
20230611,22370,music
20230302,14210,fishing
20230320,29590,movie
20230504,17200,movie
20230201,44630,fishing
20231113,46040,movie
20230329,24650,books
20230117,44740,travel
20230505,7900,medical
20230512,20880,books
20230423,31840,medical
20230129,23610,medical
20230130,21610,music
20230411,39470,movie
20230811,15470,game
20230417,7060,cook
20230201,11650,fishing
20230723,36970,cook
20230622,49200,medical
20230120,32230,movie
20230816,8520,movie
20230407,16860,books
20230802,46390,sports
20230911,13530,cook
20230316,18760,fishing
20230126,22810,medical
20231025,48980,music
20230224,37310,medical
20230510,22780,fashion
20230220,33470,fashion
20230814,23520,sports
20230912,45150,cook
20230705,28820,movie
20231130,48420,cook
20230910,23470,cook
20231116,32890,cook
20231114,9800,medical
20230711,38790,cook
20230208,46050,sports
20230405,28310,medical
20230311,12200,fashion
20230731,48440,fishing
20230416,24230,fishing
20230630,43420,books
20230212,9090,game
20230710,25880,cook
20231023,3850,movie
20230410,40020,sports
20231104,17610,cook
20230605,44240,music
20230317,18580,travel
20230814,23370,fashion
20230813,44220,sports
20230410,10150,game
20230527,44190,music
20230901,33340,music
20230403,29300,music
20231010,49960,movie
20230307,40630,cook
20230612,41820,fashion
20230614,18410,game
20230221,41810,sports
20231020,5620,sports
20230224,24920,fashion
20230614,7670,fashion
20230408,47280,fashion
20230430,29790,music
20230414,5240,music
20230829,16530,sports
20230610,46860,cook
20231024,18240,fashion
20230801,1030,fishing
20230813,21590,movie
20230108,8430,game
20230323,49320,music
20230117,20180,travel
20230123,8280,sports
20230919,4920,music
20231107,45310,medical
20230717,14290,cook
20230208,20990,game
20231108,13790,cook
20230925,35030,books
20230823,42920,game
20230505,43950,medical
20230926,1580,movie
20230806,21380,cook
20230810,40850,movie
20230407,32700,game
20230129,20900,cook
20231125,35010,music
20230507,48460,movie
20230512,41710,travel
20230625,8850,sports
20230929,19830,sports
20230608,11930,cook
20231205,47610,medical
20230331,5160,sports
20230713,29420,travel
20230124,26510,sports
20230915,25690,cook
20230110,16210,game
20230606,27570,music
20230523,12340,fishing
20231104,9440,movie
20230929,30960,fashion
20230412,21860,cook
20230823,17180,game
20231121,40060,travel
20230708,4940,sports
20230711,28820,sports
20230816,23730,music
20230823,45920,cook
20230626,4710,books
20231008,27950,books
20230301,44840,sports
20231001,34280,fishing
20230214,10490,sports
20230628,49490,fishing
20231016,22690,game
20231009,26480,movie
20231009,18380,music
20230901,13400,game
20231130,27270,fashion
20230308,35240,music
20230820,42270,fishing
20230529,46390,cook
20230110,20300,fashion
20230911,25060,music
20230112,7760,music
20230701,1140,movie
20230405,19620,sports
20230902,34520,fishing
20230301,20970,medical
20230528,22480,books
20230829,39520,cook
20230121,10480,books
20230101,20110,music
20230306,24060,fishing
20231017,23040,movie
20230829,48600,music
20230530,6860,movie
20230813,23560,game
20230125,40060,travel
20230730,15930,travel
20231126,31570,movie
20230809,2020,travel
20230209,24200,movie
20230307,41320,movie
20230705,29410,sports
20230430,28320,travel
20230531,34660,sports
20230718,18570,books
20230820,4470,movie
20230923,30630,cook
20231210,4240,cook
20230303,23880,fashion
20230115,22390,travel
20231204,5950,cook
20231023,12150,game
20230209,18320,fashion
20230903,16900,music
20230221,28160,sports
20230830,32480,music
20230122,15250,medical
20230917,49030,cook
20231025,23650,fashion
20230215,18100,music
20230701,27200,sports
20230216,27420,game
20230404,17300,books
20230628,30130,fishing
20231120,9110,game
20230803,33640,fishing
20230817,18710,cook
20231013,32370,fashion
20230503,6680,travel
20230227,1070,cook
20230124,11800,fishing
20230424,17030,fashion
20230221,30930,fishing
20230912,14600,fishing
20231015,15820,fishing
20230213,32720,sports
20231116,40890,travel
20230301,41240,travel
20230829,34190,movie
20230221,6330,fashion
20230214,41800,movie
20230228,27330,movie
20230219,16650,fashion
20230402,28350,cook
20230410,38030,music
20231124,21190,books
20230119,5820,medical
20230515,34990,movie
20230131,27050,game
20231101,34800,sports
20230410,37130,fishing
20230608,15900,movie
20230522,46000,fishing
20230519,43540,movie
20230504,38280,cook
20230417,21910,cook
20231123,38500,fishing
20231107,47390,cook
20230606,10830,travel
20230415,27760,game
20230617,5930,movie
20230613,40160,game
20230707,37300,movie
20231204,10900,game
20230930,42850,books
20231102,44570,sports
20230128,41270,sports
20230628,21530,game
20230110,3630,game
20230304,41530,medical
20230208,22550,medical
20230905,38120,fashion
20230415,48850,books
20230605,2710,books
20230326,44240,fishing
20230915,23100,fashion
20231127,31760,travel
20230131,21260,music
20231101,16460,game
20230221,41300,movie
20230928,44210,game
20230106,7760,fashion
20231117,16420,fashion
20230410,34780,music
20230102,49020,books
20230117,11440,movie
20230625,25510,movie
20230108,12660,fashion
20230510,10490,music
20230924,21740,sports
20230604,38180,cook
20230113,4160,music
20230927,49960,medical
20231029,33960,travel
20231124,7970,fashion
20230924,1610,travel
20230811,27050,medical
20231026,4190,cook
20231027,5940,movie
20230609,6220,travel
20230317,27850,fashion
20230329,14030,movie
20230213,49370,travel
20230918,40440,medical
20230106,7830,fashion
20230523,14850,medical
20231129,23460,fashion
20231101,21630,music
20231104,30830,sports
20230528,15240,travel
20230817,20270,medical
20230220,16500,medical
20230710,14710,books
20230318,28390,medical
20230610,22120,books
20231101,29690,medical
20230311,15660,movie
20230404,21850,books
20230504,24070,movie
20230226,16450,music
20231202,2970,game
20230903,44540,game
20230615,2370,movie
20230930,34680,sports
20230317,4520,music
20230518,32330,fishing
20230614,47080,music
20230402,27450,books
20230208,30130,travel
20230717,12130,travel
20230727,7500,fishing
20230610,19920,movie
20230508,35420,game
20230513,41200,medical
20230705,29440,fishing
20230920,33310,cook
20231126,21140,music
20231031,22580,books
20230430,25350,fishing
20231003,12780,sports
20230922,13990,sports
20231104,9610,cook
20230702,39370,game
20230713,42080,game
20230709,7340,game
20230610,34900,sports
20230822,42180,medical
20230205,43360,fashion
20230121,24670,sports
20230318,18220,cook
20230320,7270,music
20230309,25630,movie
20231205,11400,books
20230223,20350,cook
20230410,16020,cook
20230726,47230,sports
20230302,8560,cook
20230216,36520,music
20230425,39750,medical
20230119,8210,music
20231108,14790,medical
20230618,21390,fashion
20230305,39340,sports
20230829,43420,medical
20230210,9170,game
20230526,22060,medical
20230924,3740,medical
20230315,25910,fishing
20230122,42460,books
20230121,38730,books
20230806,17230,movie
20230918,16250,music
20230530,31540,fashion
20230901,30550,medical
20230108,33200,movie
20230822,41340,music
20230510,22890,medical
20230403,49180,sports
20230811,3690,medical
20230706,6840,fishing
20230512,11910,game
20230508,9800,fashion
20230111,18020,game
20230413,48670,medical
20230929,33800,music
20230819,40520,game
20231002,47800,fashion
20231001,28290,cook
20230702,46260,sports
20230922,28310,movie
20230819,32950,fishing
20230429,43700,books
20231002,5960,fashion
20230907,23640,music
20230523,24810,cook
20230304,35280,medical
20230829,37970,music
20230205,29460,sports
20231127,13290,fishing
20230208,21150,medical
20230608,28590,travel
20230609,46540,medical
20231024,27450,cook
20230214,34260,books
20230131,9350,game
20231021,25480,fashion
20231025,28130,medical
20230719,26680,music
20230518,37860,fashion
20230908,16980,fishing
20230110,7630,movie
20231021,35820,music
20230924,5580,medical
20231004,45700,books
20230207,3710,music
20230723,7330,movie
20230817,15150,music
20231209,19460,travel
20230720,22160,sports
20230817,45690,game
20230702,4750,travel
20230310,4070,fishing
20231208,13930,cook
20230427,36210,music
20230326,39060,movie
20230824,24770,fashion
20230313,9810,sports
20230509,31340,game
20231003,12150,game
20231008,29650,fashion
20230311,23810,medical
20231107,28070,medical
20230619,2060,game
20230629,1630,fishing
20230824,7340,cook
20230406,3060,sports
20230404,46520,books
20231116,35060,books
20230313,8820,medical
20230114,44580,fashion
20231208,32660,cook
20230531,32130,cook
20230701,10720,books
20230824,38880,game
20230621,31440,fishing
20230210,35930,sports
20230302,27960,fishing
20230520,21260,sports
20230106,28960,cook
20230929,49440,fashion
20230720,2330,game
20231016,37540,books
20230911,26730,books
20230203,45490,medical
20230420,23930,fashion
20231016,12320,fashion
20231007,10920,travel
20230421,22160,fishing
20230412,33750,fashion
20230822,31610,sports
20230718,3410,music
20230924,25210,music
20231209,44640,books
20230712,46010,fashion
20230510,14950,cook
20230830,10940,travel
20230826,15370,travel
20230528,34660,movie
20231108,26310,fashion
20230530,14900,music
20230522,13190,cook
20230802,39720,cook
20230406,4670,cook
20230908,15000,medical
20230316,33760,sports
20230112,18210,movie
20230809,36490,music
20230429,24230,travel
20230208,11240,books
20230110,21940,travel
20230202,29370,books
20230217,18110,music
20231027,7620,movie
20231023,14000,game
20230615,5500,fishing
20231003,21510,fishing
20230327,46660,medical
20230204,11240,sports
20230228,37100,travel
20230227,11160,medical
20230214,30380,game
20230208,3390,music
20230310,34220,books
20230903,1710,movie
20230620,2190,books
20230118,2840,cook
20230602,22470,travel
20230515,9960,books
20231210,8940,movie
20230127,37730,medical
20230717,2720,medical
20231123,39690,fishing
20230726,22630,music
20230619,34650,cook
20230716,8060,travel
20230925,42150,sports
20230627,1830,cook
20230214,25230,travel
20230904,39250,sports
20230827,42300,cook
20230416,21210,fashion
20231106,30530,sports
20230105,8570,game
20230427,18090,fashion
20230228,6060,game
20230521,48370,fishing
20230413,8210,movie
20230829,20630,movie
20230407,45010,movie
20231012,25430,cook
20230415,17990,fishing
20230304,36100,fashion
20231107,31570,travel
20230424,36090,travel
20230506,27950,travel
20231103,39560,game
20230113,47230,books
20230821,8230,music
20230127,28910,books
20230402,32650,books
20231120,3090,fashion
20230623,13280,medical
20230324,46850,game
20230710,46200,music
20230519,10760,game
20230929,44570,fashion
20230401,44800,medical
20230418,38610,music
20230417,14640,cook
20231207,48210,fashion
20230310,49620,books
20230904,30600,fishing
20231128,37780,books
20231114,17840,sports
20230928,19030,sports
20231024,11480,fashion
20231109,13240,medical
20230918,42350,music
20230722,4300,movie
20230616,24530,books
20230611,5730,game
20231024,32170,books
20230306,45560,fashion
20230716,6420,music
20231110,19640,game
20230106,47260,books
20230328,43450,fishing
20230911,33890,medical
20230530,16880,travel
20230611,29080,books
20230505,34650,music
20230203,32450,cook
20230624,48120,sports
20230814,37210,fashion
20230227,19230,cook
20230213,36990,fishing
20230625,47950,music
20230910,42920,fashion
20230213,43670,cook
20230316,20710,fishing
20230706,18540,cook
20230104,40870,books
20230818,9850,cook
20230729,14190,fashion
20230808,24480,medical
20230720,22700,books
20231124,36940,sports
20230411,6590,cook
20230210,34920,game
20230107,37370,game
20231117,15880,fashion
20231025,1530,fishing
20231207,38070,medical
20230614,15270,medical
20230428,25230,medical
20230313,6810,fashion
20230913,44910,game
20230716,43110,sports
20230812,34030,fishing
20230202,27060,movie
20230729,20710,fishing
20230629,5590,cook
20231203,42600,game
20230410,22590,music
20230216,2620,movie
20231006,49910,travel
20231119,20700,travel
20230822,12020,fishing
20230826,22610,travel
20230526,2730,sports
20230908,10930,cook
20230125,31560,music
20231012,35120,game
20231116,26160,medical
20230427,35130,game
20230507,42950,medical
20231105,45140,medical
20230306,30490,cook
20230816,22800,medical
20230104,8790,sports
20230326,1410,travel
20230310,2830,sports
20230317,16070,movie
20230901,10920,fashion
20231019,5370,game
20230405,27650,music
20230814,1820,fishing
20230111,34130,fashion
20230815,41640,books
20230308,1130,medical
20230205,33710,travel
20230916,17620,game
20230110,44610,movie
20231029,4050,fashion
20231126,8810,sports
20230716,29520,medical
20230928,40690,cook
20231101,44970,books
20230807,29750,travel
20231028,10030,sports
20230502,45030,fishing
20231001,38170,music
20231108,27690,sports
20230627,14550,medical
20230428,7290,travel
20230223,43540,sports
20231125,36190,movie
20230228,26600,medical
20230525,1490,cook
20230917,3150,music
20230131,30280,cook
20230108,48610,books
20230712,3440,medical
20231112,3770,books
20230329,35960,game
20230112,7090,fishing
20230823,38590,fishing
20230813,1590,cook
20230828,28290,books
20230410,44570,music
20231110,5570,fashion
